[
  {
    "value": "Pav Bhaji",
    "synonyms": [
      "Pav Bhaji",
      "Bhaji Pav",
      "Mumbai pav"
    ]
  },
  {
    "value": "Chole Bhature",
    "synonyms": [
      "Chole Bhature",
      "chhole bhature",
      "choley bhaturey",
      "choley",
      "chole",
      "Chole puri",
      "Puri"
    ]
  },
  {
    "value": "Pizza",
    "synonyms": [
      "Pizza",
      "pizza",
      "pizzas",
      "cheese pizza",
      "piza"
    ]
  },
  {
    "value": "Mango Lassi",
    "synonyms": [
      "Mango Lassi",
      "Lassi",
      "lassi",
      "aam lassi",
      "mango yogurt",
      "cold drink"
    ]
  },
  {
    "value": "Masala Dosa",
    "synonyms": [
      "Masala Dosa",
      "Dosa",
      "dosha",
      "massale dosa",
      "masala dosa"
    ]
  },
  {
    "value": "Vegetable Biryani",
    "synonyms": [
      "Vegetable Biryani",
      "Veg biryani",
      "veg rice",
      "vegetable biryani",
      "biryani"
    ]
  },
  {
    "value": "Vada Pav",
    "synonyms": [
      "Vada Pav",
      "pav vada",
      "wada",
      "wada pav",
      "batata wada",
      "batata vada",
      "wada pao",
      "vada pao"
    ]
  },
  {
    "value": "Rava Dosa",
    "synonyms": [
      "Rava Dosa",
      "Sooji dosa",
      "Semoline pancake",
      "instant rava dosa",
      "rava dosha"
    ]
  },
  {
    "value": "Samosa",
    "synonyms": [
      "samosa",
      "singara",
      "aloo samosa",
      "sooji dosa"
    ]
  }
]