[
  {
    "id": "c7ad78d5-6c01-4be8-a95c-c7f2a007eac3",
    "data": [
      {
        "text": "generate a new order",
        "userDefined": false
      }
    ],
    "isTemplate": false,
    "count": 0,
    "lang": "en",
    "updated": 0
  },
  {
    "id": "d39e1b76-a08b-4d94-92e6-9271c1f04be3",
    "data": [
      {
        "text": "place a new order",
        "userDefined": false
      }
    ],
    "isTemplate": false,
    "count": 0,
    "lang": "en",
    "updated": 0
  },
  {
    "id": "a393bac6-037e-445b-b874-0a52c879203a",
    "data": [
      {
        "text": "new order",
        "userDefined": false
      }
    ],
    "isTemplate": false,
    "count": 0,
    "lang": "en",
    "updated": 0
  }
]